experiment_id,dataset,build_profile,topology,ef_search,k,sample_count,mean_recall,perfect_recall_fraction,latency_mean_ms,latency_p50_ms,latency_p95_ms,latency_p99_ms,latency_stddev_ms,shard_search_mean_ms,merge_mean_ms
hnswlib-sharding-10m-v1,cohere10m,baseline,1x10m,100,10,25000,0.93904000,0.73100000,0.709231,0.702222,0.891824,1.010132,0.109689,0.699935,0.009296
hnswlib-sharding-10m-v1,cohere10m,baseline,1x10m,100,100,25000,0.80756800,0.02040000,0.722190,0.714638,0.905781,1.036513,0.110496,0.707018,0.015173
hnswlib-sharding-10m-v1,cohere10m,baseline,1x10m,200,10,25000,0.96508000,0.81300000,1.271931,1.267460,1.571741,1.686155,0.181994,1.261963,0.009968
hnswlib-sharding-10m-v1,cohere10m,baseline,1x10m,200,100,25000,0.88384600,0.09500000,1.285771,1.281573,1.585079,1.701811,0.181799,1.269956,0.015815
hnswlib-sharding-10m-v1,cohere10m,baseline,1x10m,400,10,25000,0.98038000,0.88120000,2.361439,2.352908,2.925187,3.077280,0.337931,2.350407,0.011031
hnswlib-sharding-10m-v1,cohere10m,baseline,1x10m,400,100,25000,0.93406200,0.22020000,2.375035,2.367290,2.938290,3.092415,0.337675,2.358046,0.016989
hnswlib-sharding-10m-v1,cohere10m,baseline,1x10m,800,10,25000,0.98972000,0.92640000,4.437289,4.429554,5.507865,5.785878,0.652884,4.424035,0.013254
hnswlib-sharding-10m-v1,cohere10m,baseline,1x10m,800,100,25000,0.96455600,0.36820000,4.453620,4.445845,5.526020,5.797449,0.653795,4.434027,0.019593
hnswlib-sharding-10m-v1,cohere10m,baseline,2x5m,100,10,25000,0.95054000,0.76640000,1.415401,1.404674,1.732424,1.888865,0.184563,1.404243,0.011158
hnswlib-sharding-10m-v1,cohere10m,baseline,2x5m,100,100,25000,0.86406400,0.08480000,1.441551,1.430943,1.759606,1.913852,0.184404,1.415951,0.025600
hnswlib-sharding-10m-v1,cohere10m,baseline,2x5m,200,10,25000,0.97256000,0.84000000,2.548691,2.541807,3.085748,3.246786,0.327902,2.536185,0.012506
hnswlib-sharding-10m-v1,cohere10m,baseline,2x5m,200,100,25000,0.92125600,0.19600000,2.578488,2.572172,3.116842,3.278241,0.328245,2.551450,0.027039
hnswlib-sharding-10m-v1,cohere10m,baseline,2x5m,400,10,25000,0.98518000,0.89800000,4.716762,4.716045,5.748321,6.015456,0.636220,4.701237,0.015525
hnswlib-sharding-10m-v1,cohere10m,baseline,2x5m,400,100,25000,0.95745600,0.34200000,4.748393,4.745261,5.783739,6.050934,0.636768,4.717918,0.030475
hnswlib-sharding-10m-v1,cohere10m,baseline,2x5m,800,10,25000,0.99238000,0.93980000,8.812870,8.816607,10.792570,11.352807,1.257860,8.786780,0.026090
hnswlib-sharding-10m-v1,cohere10m,baseline,2x5m,800,100,25000,0.97835200,0.48840000,8.846776,8.850849,10.831376,11.388693,1.258951,8.804203,0.042573
hnswlib-sharding-10m-v1,cohere10m,baseline,5x2m,100,10,25000,0.96222000,0.79660000,3.492817,3.483347,4.140207,4.365647,0.391330,3.476842,0.015974
hnswlib-sharding-10m-v1,cohere10m,baseline,5x2m,100,100,25000,0.91419400,0.19540000,3.562110,3.550578,4.211294,4.435402,0.392973,3.506283,0.055827
hnswlib-sharding-10m-v1,cohere10m,baseline,5x2m,200,10,25000,0.98104000,0.87740000,6.289053,6.292953,7.487362,7.804086,0.755122,6.264399,0.024654
hnswlib-sharding-10m-v1,cohere10m,baseline,5x2m,200,100,25000,0.95434600,0.33400000,6.364224,6.368367,7.564609,7.882256,0.755869,6.298393,0.065831
hnswlib-sharding-10m-v1,cohere10m,baseline,5x2m,400,10,25000,0.99064000,0.92760000,11.553627,11.601525,13.905816,14.537367,1.524801,11.523272,0.030355
hnswlib-sharding-10m-v1,cohere10m,baseline,5x2m,400,100,25000,0.97737400,0.49580000,11.632632,11.678376,13.987405,14.630532,1.526231,11.560824,0.071808
hnswlib-sharding-10m-v1,cohere10m,baseline,5x2m,800,10,25000,0.99562000,0.96120000,21.316501,21.513762,25.912373,27.300111,3.016050,21.284383,0.032118
hnswlib-sharding-10m-v1,cohere10m,baseline,5x2m,800,100,25000,0.98932000,0.64480000,21.405640,21.602045,26.012038,27.416581,3.022463,21.331935,0.073705
hnswlib-sharding-10m-v1,sift10m,baseline,1x10m,100,10,50000,0.95205000,0.71030000,0.263964,0.270015,0.317174,0.339871,0.039420,0.255198,0.008766
hnswlib-sharding-10m-v1,sift10m,baseline,1x10m,100,100,50000,0.86047100,0.06320000,0.275557,0.281478,0.330649,0.355533,0.040804,0.261180,0.014378
hnswlib-sharding-10m-v1,sift10m,baseline,1x10m,200,10,50000,0.98355000,0.87620000,0.479049,0.493351,0.579048,0.613628,0.077652,0.469688,0.009361
hnswlib-sharding-10m-v1,sift10m,baseline,1x10m,200,100,50000,0.93930000,0.21460000,0.493115,0.507209,0.594699,0.630938,0.078235,0.477977,0.015138
hnswlib-sharding-10m-v1,sift10m,baseline,1x10m,400,10,50000,0.99508000,0.95810000,0.891485,0.921288,1.088445,1.135344,0.152710,0.881654,0.009831
hnswlib-sharding-10m-v1,sift10m,baseline,1x10m,400,100,50000,0.97824500,0.45840000,0.907797,0.936914,1.107403,1.157996,0.153594,0.891986,0.015811
hnswlib-sharding-10m-v1,sift10m,baseline,1x10m,800,10,50000,0.99884000,0.98930000,1.677323,1.732894,2.071233,2.157695,0.300346,1.666915,0.010408
hnswlib-sharding-10m-v1,sift10m,baseline,1x10m,800,100,50000,0.99345800,0.71860000,1.694812,1.750908,2.089758,2.177879,0.301337,1.678270,0.016542
hnswlib-sharding-10m-v1,sift10m,baseline,2x5m,100,10,50000,0.97438000,0.81840000,0.506752,0.520395,0.607698,0.640313,0.076131,0.496358,0.010394
hnswlib-sharding-10m-v1,sift10m,baseline,2x5m,100,100,50000,0.91781700,0.15670000,0.531765,0.545175,0.634909,0.668383,0.077412,0.506974,0.024791
hnswlib-sharding-10m-v1,sift10m,baseline,2x5m,200,10,50000,0.99226000,0.93610000,0.916777,0.945749,1.114360,1.162186,0.150574,0.905489,0.011289
hnswlib-sharding-10m-v1,sift10m,baseline,2x5m,200,100,50000,0.96906600,0.38080000,0.947455,0.976396,1.146479,1.195531,0.151729,0.921840,0.025615
hnswlib-sharding-10m-v1,sift10m,baseline,2x5m,400,10,50000,0.99802000,0.98220000,1.701578,1.759749,2.092491,2.180434,0.299437,1.689978,0.011600
hnswlib-sharding-10m-v1,sift10m,baseline,2x5m,400,100,50000,0.99060500,0.65060000,1.736668,1.794180,2.129768,2.220547,0.301234,1.710246,0.026422
hnswlib-sharding-10m-v1,sift10m,baseline,2x5m,800,10,50000,0.99946000,0.99470000,3.195864,3.300816,3.974880,4.148612,0.589326,3.183661,0.012204
hnswlib-sharding-10m-v1,sift10m,baseline,2x5m,800,100,50000,0.99755900,0.85930000,3.231717,3.337987,4.009866,4.190632,0.590546,3.204490,0.027227
hnswlib-sharding-10m-v1,sift10m,baseline,5x2m,100,10,50000,0.98931000,0.91400000,1.185322,1.218932,1.426964,1.491957,0.183762,1.171258,0.014063
hnswlib-sharding-10m-v1,sift10m,baseline,5x2m,100,100,50000,0.96381200,0.33850000,1.250544,1.285074,1.496757,1.562302,0.186007,1.196119,0.054425
hnswlib-sharding-10m-v1,sift10m,baseline,5x2m,200,10,50000,0.99734000,0.97690000,2.141578,2.209216,2.623344,2.728352,0.365650,2.126510,0.015068
hnswlib-sharding-10m-v1,sift10m,baseline,5x2m,200,100,50000,0.98901800,0.61200000,2.219586,2.287997,2.703910,2.810247,0.368055,2.164288,0.055297
hnswlib-sharding-10m-v1,sift10m,baseline,5x2m,400,10,50000,0.99935000,0.99400000,3.965048,4.093961,4.925803,5.137951,0.725647,3.949321,0.015728
hnswlib-sharding-10m-v1,sift10m,baseline,5x2m,400,100,50000,0.99728000,0.84450000,4.046840,4.173565,5.013435,5.231715,0.727952,3.990649,0.056191
hnswlib-sharding-10m-v1,sift10m,baseline,5x2m,800,10,50000,0.99983000,0.99830000,7.397714,7.636334,9.268759,9.715148,1.402149,7.375098,0.022616
hnswlib-sharding-10m-v1,sift10m,baseline,5x2m,800,100,50000,0.99936800,0.95140000,7.484756,7.726386,9.360698,9.814509,1.403697,7.420705,0.064051
